{"cameraMode":{"drawMode":0,"name":"Shaded","section":"Shading Mode"},"sceneLighting":true,"audioPlay":false,"sceneViewState":{"showFog":true,"showMaterialUpdate":false,"showSkybox":true,"showFlares":true,"showImageEffects":true,"showParticleSystems":true},"in2DMode":false,"pivot":{"x":68.74024963378906,"y":5.712306976318359,"z":-0.7665777206420898},"rotation":{"x":0.4102875888347626,"y":-0.16937564313411714,"z":0.07784531265497208,"w":0.8927034735679627},"size":10.392304420471192,"orthographic":false}