{"cameraMode":{"drawMode":0,"name":"Shaded","section":"Shading Mode"},"sceneLighting":true,"audioPlay":false,"sceneViewState":{"showFog":false,"showMaterialUpdate":false,"showSkybox":false,"showFlares":false,"showImageEffects":false,"showParticleSystems":false},"in2DMode":false,"pivot":{"x":6.611057281494141,"y":13.197518348693848,"z":29.738574981689454},"rotation":{"x":-0.22537539899349214,"y":0.672714352607727,"z":-0.2272762656211853,"w":-0.6670884490013123},"size":177.15231323242188,"orthographic":false}