{"cameraMode":{"drawMode":0,"name":"Shaded","section":"Shading Mode"},"sceneLighting":true,"audioPlay":false,"sceneViewState":{"showFog":false,"showMaterialUpdate":false,"showSkybox":false,"showFlares":false,"showImageEffects":false,"showParticleSystems":false},"in2DMode":false,"pivot":{"x":15.718963623046875,"y":69.05474090576172,"z":184.95330810546876},"rotation":{"x":-0.18043242394924165,"y":0.6609881520271301,"z":-0.16829176247119904,"w":-0.7086726427078247},"size":287.9088439941406,"orthographic":false}