{"cameraMode":{"drawMode":0,"name":"Shaded","section":"Shading Mode"},"sceneLighting":false,"audioPlay":false,"sceneViewState":{"showFog":false,"showMaterialUpdate":false,"showSkybox":false,"showFlares":false,"showImageEffects":false,"showParticleSystems":false},"in2DMode":false,"pivot":{"x":1.3009757995605469,"y":8.385515213012696,"z":10.458459854125977},"rotation":{"x":0.2817568778991699,"y":-0.2910422086715698,"z":0.09012959152460098,"w":0.9098264575004578},"size":35.218421936035159,"orthographic":false}